,Neighborhood,Venue,Venue id,Venue Latitude,Venue Longitude
0,Rogers Park,Charmers Cafe,5710dcf0498e87c71d20b69d,42.01616386317998,-87.66824960725634
1,Rogers Park,Sol Café,505d49ede4b0236a27575f1b,42.01930628594254,-87.67207807612867
2,Rogers Park,Athena Board Game Cafe,5fa839e108db5a66e12686f6,42.019366,-87.667185
3,Rogers Park,Cafe B,4f6691c5e4b062549d1992f4,42.019043,-87.6749
4,Rogers Park,Cafe A,4f669196e4b08ac726f66479,42.01900467731823,-87.6750572648697
5,Rogers Park,Big Star Cafe,4f4475c419836ed001944097,42.01572036743164,-87.66780090332031
6,West Ridge,Sagar Cafe,4aa2cd08f964a520404220e3,41.99766241277401,-87.69335488425601
7,West Ridge,Patel's Cafe,536eae04498ed93756543fb5,41.99772305109895,-87.69485663973329
8,West Ridge,Rayees Cafe,4f9b5fb8e4b0d2a3a894de92,41.997495,-87.688885
9,West Ridge,Ashur Cafe,4f32a86f19836c91c7ed250e,41.9964599609375,-87.69010925292969
10,West Ridge,Chicken Kabob and Cafe,4f3257b219836c91c7ce57d2,41.99796,-87.68665899999999
11,West Ridge,noora cafe,52ae114211d2e46d123e1db0,41.99619429294542,-87.68892677464635
12,West Ridge,Bina's Cafe & Mediterranean Bistro,544e8618498e92c45a26d3e8,42.00846862792969,-87.69051361083984
13,West Ridge,insomniabook cafe,4d2ad64b915fa0937605120a,41.99638,-87.68417
14,West Ridge,085 Montenegro Cafe,4dfaa03445dd0d640c6554f2,42.008448,-87.69053100000001
15,West Ridge,Luxor Cafe,4d64619c8018548188144a68,41.99722,-87.707265
16,West Ridge,CTA #93 California Albion,4e3a959ed164c429b72c0b47,42.0011012503132,-87.69964975874485
17,West Ridge,Patel Brothers,4b5a68abf964a52040c328e3,41.99776858905524,-87.69528187776137
18,Uptown,Kopi Café,43655e80f964a5206d291fe3,41.97861200149812,-87.66829842785883
19,Uptown,Indie Café,45bba5e7f964a520f6411fe3,41.99052209505274,-87.66020826715666
20,Uptown,Cafe Hoang,4b7c5229f964a5202f8c2fe3,41.9733578162394,-87.65584576433083
21,Uptown,Cafe Loa Restaurant,4e4e3110bd4101d0d7a46189,41.973060607910156,-87.65567779541016
22,Uptown,Phlour Bakery & Cafe,58f94052d7627e28e6e92073,41.983699907992715,-87.65956847389438
23,Uptown,Mama K’s Cafe,600dcb79c340a8785a5f5305,41.983803,-87.656802
24,Uptown,Edgewater Mexican Cafe,5bad82831de765002c63f15e,41.98349470183276,-87.65780903191182
25,Uptown,Cafe Chino,4f7afd11e4b0f9b696f065fc,41.982128,-87.658281
26,Uptown,Middle East Bakery & Grocery & Café,4a96fa5ff964a520cd2720e3,41.97621254072566,-87.66861012856421
27,Uptown,Edgewater Beach Cafe,4b358bd1f964a520d82d25e3,41.98331764739262,-87.65514355637812
28,Uptown,Rewired Pizza Cafe and Bar,5fa4b84326ae7122e999a0d0,41.990138,-87.658387
29,Uptown,Heart O' Chicago Cafe,4f94028de4b0532d5e26ce16,41.98284172895959,-87.66098605979805
30,Uptown,Zanzibar Cafe,5aa2b12d5c68386166696a25,41.983878999999995,-87.656994
31,Uptown,Flourish Bakery Cafe,4a6b96cbf964a52041cf1fe3,41.98375595664209,-87.65957484711191
32,Uptown,Cafe Boost,4f32170b19836c91c7b4c5d0,41.979979,-87.66855
33,Uptown,Cheyenne's Cafe,4ff3a605e4b09751a60a0c5c,41.986136,-87.66103000000001
34,Uptown,Anna Held Florist & Fountain Cafe,4bf58ddf493c2d7f57da4785,41.98370006486771,-87.65509528200072
35,Uptown,First Slice Pie Café,4e92128102d5dcbe60036479,41.979818979478985,-87.66949996784444
36,Uptown,Soul Cafe,4f323fdf19836c91c7c4f456,41.98543930053711,-87.66327667236328
37,Uptown,long grove cafe,4b4a5ac2f964a520fd8426e3,41.97991980451711,-87.66549875730936
38,Uptown,Cafe Houng,606d06dab9bb1120e2aabcfd,41.973402,-87.6558
39,Uptown,Cafe Hoang Argyle Chicago,606d0bd6326bfe00311bd60e,41.973406,-87.655782
40,Uptown,Cafe Royal,4f32b2be19836c91c7f0f4fd,41.976107,-87.668973
41,Uptown,Cafe Take #5,4f6492d7e4b098610aedf4af,41.99213132468102,-87.65660961557418
42,Uptown,Lucks Food Cafe & Bakery,4bddb66a587b2d7f55c45409,41.97321082668978,-87.6583459180545
43,Uptown,Cafe Royale,4bf04c3df831c928e4db01f2,41.992357170244226,-87.65523979096939
44,Uptown,Ciat Cafe,590df34e25fb7b50fb4404bd,41.9734992980957,-87.65708923339844
45,Uptown,Cafe Mimosa,4f43e11219836ed001910a99,41.992886999999996,-87.655904
46,Uptown,Gamestop Internet Cafe,4fecaad6e4b059c747dda9de,41.9740104675293,-87.66294860839844
47,Uptown,Honeymoon Cafe,4bdb56063904a59395e1499e,41.973296121789126,-87.65940652082205
48,Uptown,Marko's Tacos & Cafe,4b5505f7f964a5203dd827e3,41.985172271728516,-87.6689453125
49,Uptown,Internet Cafe,4b96ab53f964a520cfdc34e3,41.990066034573196,-87.65905947868937
50,Uptown,Angus Cafe,4c6217a369a1c9b6581138a4,41.986565,-87.668796
51,Uptown,Olive Tree Cafe,4f3260ca19836c91c7d1e679,41.976188,-87.668525
52,Uptown,The Street Cafe,4f32484019836c91c7c85245,41.973572,-87.65530799999999
53,Uptown,Thorndale West Cafe #1,5b7056a2270ee7002cdfcdfc,41.990378,-87.659328
54,Uptown,Peacock Cafe & Restaurant,4c1d805d63750f47ba72b867,41.991424,-87.660712
55,Uptown,Polygon Cafe,509c01ece4b09cc7b56dbc5b,41.97637528022474,-87.66855122360342
56,Uptown,Ba Le,4aa3fa44f964a520a84420e3,41.97324299279736,-87.65975168952126
57,Lincoln Square,Spark Museum and Play Cafe,595ea28c018cbb53abe3d340,40.110386,-88.206898
58,Lincoln Square,The Courier Cafe,4b51fd69f964a520b45f27e3,40.112952766874194,-88.20908494510476
59,Lincoln Square,Min's Cafe,52ed4554498ef60e38516d60,40.114142,-88.213161
60,Lincoln Square,Xinh Xinh Cafe,4b590b55f964a520e87928e3,40.11319485352939,-88.20376547048988
61,Lincoln Square,mui bean café,529c3741498e09438b6c91c3,40.109252,-88.218244
62,Lincoln Square,Sheena Cafe,50105fafe4b0454c63c50440,40.106352,-88.221721
63,Lincoln Square,Sandella's Flatbread Cafe,4b86d2eaf964a520de9f31e3,40.10641549053363,-88.22149984941517
64,Lincoln Square,Cafeteria & Co.,53644e5a498ea32703e3f467,40.112709,-88.209325
65,Lincoln Square,Cafeteria & Company,52169d1a11d25334c755305a,40.11244745453738,-88.20923010691662
66,Lincoln Square,Carle Cafeteria,4e529be8e4cdb70cc52fdb29,40.11721117246308,-88.21464985775185
67,North Center,Blue Sky Bakery & Cafe,4c195d7498f4a593be0000f6,41.94931875019261,-87.67543034646368
68,North Center,I-Cafe Sukur's Place,4c2113bc7e85c92802f1b921,41.95430984150239,-87.67477845545348
69,North Center,Pisang Cafe,4c936a1d66dfef3b4c2f9d03,41.953912669525565,-87.67502356081025
70,North Center,Wasabi Cafe Sushi & Sake,4ef3af0e0aaf6577fd234f5a,41.952650495205425,-87.67779411750332
71,North Center,Cafe Orchid,4a0627d0f964a520c4721fe3,41.947078890873925,-87.67326646205643
72,North Center,Tapas Cafe and Grill,4f3244b619836c91c7c6e256,41.953602000000004,-87.678564
73,North Center,Turquoise Restaurant & Cafe,4b57d441f964a520044328e3,41.94309878004518,-87.68269798114439
74,North Center,Botanical Cafe,5df530567fd29e000812e3ee,41.94988250732422,-87.67597198486328
75,North Center,Mandarin Cafe,4f32725619836c91c7d8a680,41.955756,-87.680133
76,North Center,Cafe La Berteau,4d02c7f60e49721e5ae5667f,41.95792770385742,-87.67920684814453
77,North Center,Lizzy J Cafe,5dd174cf0e96d200086cfd38,41.961192,-87.684071
78,North Center,Cafe Tola,5aa99a65e1f0aa1412d324ff,41.94694998053808,-87.66947750043084
79,North Center,Cafe De Santerostallanosmalldixonbottom,5143dd5de4b0ff6e2195f9c1,41.950976,-87.686856
80,North Center,Irving Park Cafe,4eafc4684690488dabd5c098,41.954097,-87.670485
81,North Center,Cafe Ciat Bahn Mi & Pho,58fa90e99ec3990cbc6d367b,41.943336486816406,-87.67874908447266
82,North Center,Cafe A'Riana,4f3242f719836c91c7c62bbe,41.965332000000004,-87.67573
83,North Center,Guatemala Aroma and Cafe,4f3243ec19836c91c7c68f28,41.96158218383789,-87.67833709716797
84,North Center,Shesha Shack Cafe,4f32121e19833175d60d9b06,41.9539794921875,-87.6683578491211
85,North Center,Cafe Sheils,4dea999c88774880e3214aaf,41.94195,-87.68247
86,North Center,Florida Cafe,4f3215c119836c91c7b4420d,41.961238861083984,-87.68390655517578
87,North Center,Wing Lee Chinese Cuisine and Cafe,4f323fb219836c91c7c4e344,41.96162414550781,-87.67498779296875
88,North Center,Aloha Cafe,4f32453b19836c91c7c7194d,41.961658,-87.683669
89,North Center,Lucy's Cafe,5ba9d504005ac1002c62d736,41.94347,-87.68105
90,North Center,Pie Cafe,4ebc6ec9d3e38e6b0bb5686c,41.962098,-87.673572
91,North Center,Ambassador Cafe,4f32714119836c91c7d83d22,41.947262,-87.668582
92,North Center,Min Min Asian Cafe,57c33757498e82c1723e3b35,41.954146,-87.666763
93,North Center,Pi-Hi Cafe,52c5a70f498e50b8c5eb434c,41.946049506509674,-87.6879300513123
94,North Center,First Slice Pie Cafe,4b33afa0f964a520da1c25e3,41.96168257189465,-87.67383649909829
95,North Center,Red Eyes Coffee,4afb1aa2f964a5202d1b22e3,41.95778659511274,-87.6813751063219
96,North Center,WGN TV Cafeteria,4b5dc2acf964a520446a29e3,41.948581,-87.692614
97,North Center,Southport & Irving,4f7f8817e4b0ac16a0eb0b22,41.95451892769165,-87.66429509882836
98,North Center,Fork,4a761079f964a52017e21fe3,41.96507346415205,-87.68633064973656
99,Lake View,Green Bay Café,4bbb73e89858d13ac95b33a2,42.10684856849739,-87.73469369320793
100,Lake View,Momsy’s Cafe,60e31cda0e501b1ba802d5e2,42.117473,-87.744493
101,Lake View,Café Buon Giorno,4bf42b7398ac0f47bfad63a8,42.106601902326005,-87.73536496831255
102,Lake View,Café Aroma,4ae3562ff964a520a19321e3,42.10600285558721,-87.73252861627171
103,Lake View,Café Fleurette,50225c40e4b0cff4e8be4336,42.1051761572049,-87.73281819066814
104,Lake View,Love Always,4c49ede5fbafc9285d4a95db,42.10605239868164,-87.7323226928711
105,Lincoln Park,Café Ba-Ba-Reeba!,41eda300f964a520f71e1fe3,41.91892116715098,-87.64871793665422
106,Lincoln Park,Kim & Scott's Cafe Twist,4c0690f87dbdef3b244f66f9,41.92235979114391,-87.64444335738328
107,Lincoln Park,Cafe Luigi,49d6a68ef964a520f65c1fe3,41.929077882926876,-87.64257114359089
108,Lincoln Park,Couture Crepe Cafe,4b008915f964a5203d3f22e3,41.923365000000004,-87.63943499999999
109,Lincoln Park,Infuse Cafe,5ccb299f826444002caeee41,41.92235565185547,-87.64850616455078
110,Lincoln Park,Cafe Corbel,5acfc7691499467cf1440b05,41.924639,-87.639944
111,Lincoln Park,Cafe Deko,5fd66941f865a87f587d96a8,41.932862,-87.649078
112,Lincoln Park,Organic one cafe,4aac0405f964a520a15b20e3,41.92135960785056,-87.65271563513951
113,Lincoln Park,interurban cafe & pastry,50983e68f31c409be941bbe4,41.918480885562666,-87.64918628150845
114,Lincoln Park,Brownstone's Café,4baf5a94f964a520c9f93be3,41.92339445686417,-87.6539179949192
115,Lincoln Park,Ray Meyer Fitness Center Cafe,508195efe4b0e99d0ac9b5b4,41.92270020122685,-87.65323877334595
116,Lincoln Park,Cafe' DoiTung,4e312b7a62e1b4089fc4e6e4,41.9141217,-87.6497443
117,Lincoln Park,College Cafe Incorparated,4f32263919836c91c7bb0094,41.926842,-87.650364
118,Lincoln Park,Café Brauer,4a7ec9ebf964a5201bf21fe3,41.91902543890759,-87.63376073799334
119,Lincoln Park,Sai Cafe,3fd66200f964a520e1ed1ee3,41.91848077708811,-87.65336071001629
120,Lincoln Park,Landmark Cafe,4e25c133d22df6f8887cbab8,41.92189108398385,-87.63409808261905
121,Lincoln Park,Cafe of Life,4f3284fa19836c91c7dfbe0f,41.912811279296875,-87.65190124511719
122,Lincoln Park,McGowan Cafe,4f0efd5c0039a4c19894a4e2,41.923849707905966,-87.65611410140991
123,Lincoln Park,Happy Play Cafe,56bd5aa4498ecce1e4e3860a,41.924837,-87.640374
124,Lincoln Park,Cafe Gerard,4bb9298a98c7ef3bb2de3102,41.91691,-87.63567
125,Lincoln Park,Luna Restaurant The LaSalle Cafe,55eb0869498e5d9df649f0c9,41.92633,-87.640438
126,Lincoln Park,Cafe Vienna,4a955e1ff964a520fe2220e3,41.928448713262284,-87.64217315080604
127,Lincoln Park,Boxcar Cafe,4f327dd619836c91c7dd00c1,41.92900085449219,-87.64740753173828
128,Lincoln Park,No. 7 Cafe,5ab7cf2fe55d8b47cf6875dd,41.927892,-87.64176
129,Lincoln Park,The Landmark Cafe At The Zoo,5159ad04e4b0c35fdb70f2dc,41.92191,-87.634018
130,Lincoln Park,Cafe At Wild Things!,4e25c478aeb7df1e0f4ca352,41.922087211122765,-87.63351977620785
131,Lincoln Park,Café Crisp,59554d986fd626672ce52ecb,41.93410110473633,-87.6460952758789
132,Lincoln Park,Safari Cafe,4f3e9758e4b0761421bdb1a1,41.9287818924473,-87.64154312371102
133,Lincoln Park,Sunset Pho Cafe,5ce05df5b8fd9d002c731496,41.93423,-87.646155
134,Lincoln Park,Basil Leaf Cafe,4a39a19cf964a520a39f1fe3,41.92720657937175,-87.64146107686892
135,Lincoln Park,Floriole Cafe & Bakery,4bc85a960050b7139329ba3b,41.921778967659534,-87.65917917197223
136,Lincoln Park,Jorgio Cafe,4f32b5ed19836c91c7f227c6,41.9300422668457,-87.64360809326172
137,Lincoln Park,Geja's Cafe,4b09de84f964a520f31e23e3,41.918355139796816,-87.63824471705645
138,Lincoln Park,Starbucks,4aca1c81f964a5206cc020e3,41.91793670178446,-87.6534123995553
139,Lincoln Park,Y2k Cafe,4e4e1df8bd4101d0d7a2a099,41.932891845703125,-87.64712524414062
140,Lincoln Park,Smokey Joe's Cafe,513b8074e4b0946e260d1f45,41.912091951985204,-87.64798969308039
141,Lincoln Park,kathy's cafe,4fb80664e4b020dcb293c076,41.91521881420247,-87.63447397786051
142,Lincoln Park,Patio at Cafe Brauer,4db18a33fc60cfe27fbb539f,41.91901918850262,-87.6337248666083
143,Lincoln Park,Bourgeois Pig,4ad4c86ff964a520bbfb20e3,41.92554533310141,-87.64786232321197
144,Lincoln Park,Cafecito,5c4cb93cbe7078002ce9eb3c,41.925585,-87.63983
145,Lincoln Park,iCompute,4c607ae2832fa593eec9efd3,41.92690658569336,-87.65055847167969
146,Lincoln Park,sushi 28,4a32f5a4f964a520d59a1fe3,41.934356689453125,-87.6459732055664
147,Lincoln Park,Ambrosia,46bc4377f964a520d7491fe3,41.917786756034594,-87.65328480119422
148,Lincoln Park,Tandoor Char House,4f3e856f6b742d59d6de5f88,41.93063933141973,-87.64894439066306
149,Lincoln Park,Ranalli's,4a333c5ff964a5201d9b1fe3,41.917290287753005,-87.63714446972752
150,Edison Park,Café Touché,4bd0edd1a8b3a593cbfd645f,42.003467,-87.817173
151,Edison Park,Grazie Coffee Cafe,4c128e6eb7b9c928aa03a837,42.002739,-87.816485
152,Norwood Park,Cafe Res,4e259662d164b6b74afc291d,41.98766003800137,-87.81430113258494
153,Norwood Park,Cozy Corner Cafe,5c124f8e5a2c91002cd2dc5c,41.979887,-87.807516
154,Norwood Park,Mather's More Than A Café,4c0d02ceb1b676b0d1e2df86,41.981136,-87.806015
155,Norwood Park,Resurrection Cafeteria,4fb96429e4b052fc988a326e,41.987315001377915,-87.81587553341795
156,Jefferson Park,Cafe Ya,4f324cbd19836c91c7ca15b5,41.968068,-87.760532
157,Jefferson Park,Costa Cafe,56fec179cd10f329e3df9fdc,41.967987,-87.760663
158,Jefferson Park,Ewa's European Snack Bar Cafe,4f32b03219836c91c7f004c4,41.96802,-87.760334
159,Jefferson Park,Luxury Cafe,4f5c1756e4b075ad7a325e63,41.960339000000005,-87.75964599999999
160,Jefferson Park,Sun Cafe,4f329a2919836c91c7e7ca69,41.960208892822266,-87.75956726074219
161,Forest Glen,Crepe House Cafe,5d58bac93023d10008d5c5e6,41.97300720214844,-87.74553680419922
162,Albany Park,Dulce De Leche Cafe,5f473419704690529cdd3922,41.9682942,-87.715034
163,Albany Park,Café Bundé,518b1cbc498e4bb1c631e42c,41.969443,-87.719351
164,Albany Park,Pannenkoeken Café,4afef141f964a520ec3122e3,41.966398,-87.708581
165,Albany Park,Galapagos Cafe,4ba7b43bf964a52050ab39e3,41.96812426979759,-87.72320448580511
166,Albany Park,Cafe Urbano,54790b93498e7162d99f4f94,41.956871800398275,-87.7238791666881
167,Albany Park,Pharoah's Hookah Cafe,4eb1ec168231c65b1a1b4cf2,41.96838298715569,-87.72760520890367
168,Albany Park,Cafe Dret Hermanas,4f32857319836c91c7dfec57,41.961237,-87.723703
169,Albany Park,Alibaba Cafe and Restaurant,4f324bad19836c91c7c9a9f1,41.968224,-87.729805
170,Albany Park,Cafe Fez,4f32134219833175d60e0d16,41.96588897705078,-87.73631286621094
171,Albany Park,Cafe Chien,55ecdd5a498ece8f3c76d39a,41.968171999999996,-87.710638
172,Albany Park,Cafe Paradise Restaurant,4f32191219836c91c7b59d68,41.976051330566406,-87.71336364746094
173,Albany Park,Khepri Cafe,5da65df429e1e500083217a3,41.966398,-87.70858099999998
174,Albany Park,Rotana Cafe,4f939313e4b0e8f465c26165,41.96880588183372,-87.72800411542741
175,Albany Park,Remix Cafe,4d83b2b7e83fa14327f252a1,41.960601806640625,-87.72642517089844
176,Albany Park,Three R'S Filipino cafe grocery,4f7f3cdfe4b08fc03a1e662f,41.96780741051168,-87.71137091718437
177,Albany Park,La Montana's Cafe,4e4e23ccbd4101d0d7a32946,41.968629,-87.710438
178,Albany Park,Cafe Orient 33,5214018211d2b9413a2e41f1,41.96927958469699,-87.70845666539107
179,Albany Park,Carthage Cafe,4b758c1cf964a5203a132ee3,41.97570276409613,-87.715579801051
180,Albany Park,Alabina Cafe,4f321f0719836c91c7b81471,41.975935,-87.713302
181,Albany Park,Shukr Bubble Tea and Café,5997967b4a7aae363a4c8873,41.975931,-87.712529
182,Albany Park,240 Lounge,4ad14500f964a520cbdd20e3,41.96828282695221,-87.72755817548945
183,Portage Park,Chicago Billiards Cafe,4ba42816f964a520508738e3,41.95294477492495,-87.7757270462656
184,Portage Park,Tropicuba Cafe,60f326e3f0312e7511bfe9d2,41.953284,-87.767219
185,Portage Park,Coffee Cafe,5092e292e4b08e0dbcb9b89d,41.957019,-87.764821
186,Portage Park,Luxury Cafe,4f5c1756e4b075ad7a325e63,41.960339000000005,-87.75964599999999
187,Portage Park,Sun Cafe,4f329a2919836c91c7e7ca69,41.960208892822266,-87.75956726074219
188,Portage Park,Fannie's,56475ce4498efa22f5243b2f,41.96076918847809,-87.7540549705839
189,Irving Park,Cafe Barako,4f867b46e4b0fa91a159a8b3,41.95474450439346,-87.7308080897178
190,Irving Park,Cafe Chino,4f867ac4e4b09445ea5d37b2,41.955289,-87.730776
191,Irving Park,Cafe Gastronomo,608efe3c236e452ea32274e0,41.945618,-87.73502
192,Irving Park,Cafe de PJ,51976b93498e7818792c30a1,41.946701,-87.73665
193,Irving Park,Bia's Cafe Marianao,59231cc9112c6c4c4cbf4035,41.946095,-87.73616700000001
194,Irving Park,Kilbourn Park Cafe,59a99c44646e382e6540253c,41.946200855861306,-87.7398624582111
195,Irving Park,Mambo Cafe,4e34d0502271b2cf0671d804,41.94931474698879,-87.72274274585163
196,Irving Park,Fannie's Cafe Bakery Boutique,5e00d2759ad0bf0007c0552f,41.954132080078125,-87.74929809570312
197,Irving Park,Junebug Cafe,5e5536e9c3a2b300081a5477,41.95368957519531,-87.75154113769531
198,Irving Park,City Newsstand,4bf1eedd189f0f470de2b762,41.95409668416768,-87.74735201642628
199,Irving Park,Hannah's Cuban & Steak Sandwiches,51dad927498ef3b3fa7fff8f,41.944841,-87.732597
200,Dunning,Bia’s Cafe Marianao,5ca4d6273092be002cc2537a,41.945684,-87.786719
201,Dunning,Harlem Cafe,4f329c4019836c91c7e88fca,41.953124,-87.785978
202,Dunning,Nestle Toll House Cafe by Chip,4f32535919836c91c7ccab47,41.955343,-87.80856700000001
203,Dunning,Frullati Cafe,4f43879e19834bc91f575991,41.954708099365234,-87.80912780761719
204,Dunning,Campus Cafeteria,4e70bb6c14950bb0d73146e6,41.9588618915783,-87.78871210035265
205,Dunning,Eli's Cheesecake Company,4b0903e5f964a520d91323e3,41.959410937476726,-87.7946731125239
206,Montclare,Valentino Club Cafe,4c439770dd1f2d7f0ac37ef9,41.924058,-87.804749
207,Montclare,Cafe 10,59b1f995a6ec9849b3241069,41.927754,-87.806283
208,Montclare,Mather Cafe Plus-Norwood Park,4f4515cf19836ed0019886ef,41.92295837402344,-87.80452728271484
209,Montclare,The Cafe,4cfc43a0c6cca35d34e09032,41.930279999999996,-87.806117
210,Montclare,How You Doin Cafe,4f328e2b19836c91c7e34392,41.92274856567383,-87.8048324584961
211,Montclare,Paris Cafe,4f32835f19836c91c7df1ff9,41.92279815673828,-87.8048324584961
212,Montclare,I Due Mondi Cafe,4c463004cd5ca59323160087,41.92963409423828,-87.80596923828125
213,Montclare,Ashley’s Café and Tap,603f42d9415e786870f6ee11,41.92537836005246,-87.81363755464554
214,Montclare,Cafe Vitulli,4f5feadce4b071906bcb1a5d,41.93308595164843,-87.80975522149386
215,Montclare,Cafe 03,4f32260019836c91c7baeb04,41.938331604003906,-87.80274200439453
216,Montclare,Euro Tan,4cc9f050c010f04de903eccc,41.92279815673828,-87.8048324584961
217,Belmont Cragin,Mathers More Than A Cafe 3235 N Central Chicago,4e41744e7d8be0ba11c63652,41.93967013112826,-87.76623492791168
218,Belmont Cragin,Retro Cafe,4bc3b5a0b492d13ad32fa960,41.93997,-87.766802
219,Belmont Cragin,Lucha Cafe,606de2008b9d271de048f333,41.928667,-87.76622
220,Belmont Cragin,Samantha's Restaurant and Cafe,4f323c8f19836c91c7c3a485,41.938317,-87.765877
221,Belmont Cragin,Elba's Latin Cafe,4e4e332cbd4101d0d7a497be,41.93134307861328,-87.77864074707031
222,Belmont Cragin,Lutnia Continental Cafe,4e4e3333bd4101d0d7a49868,41.93885040283203,-87.76541137695312
223,Belmont Cragin,Corinth Cafe,4f43f2d719836ed001915e82,41.942057,-87.76629399999999
224,Belmont Cragin,Jess Cafe,4b45f746f964a520101326e3,41.93838944391198,-87.77216787399128
225,Belmont Cragin,Paris cafe,4c5a1f7ef346c92851734eca,41.93848006776881,-87.75929169255868
226,Hermosa,Cafe Internet Latino,50328cc1e4b012f4bc7c9965,41.917381,-87.72799599999999
227,Hermosa,Express Cafe,534952e3498e69f9ff791e7b,41.93197250366211,-87.72547149658203
228,Hermosa,Café Fenix,5cc332cb8ad62e002c67980a,41.935322,-87.72681999999999
229,Hermosa,Cafe Organico,50c3eb6ce4b08c3b599e327d,41.938857,-87.73764
230,Hermosa,Ruben's Cafe,4f17af3de4b0094a034872ab,41.933058589618504,-87.72319486627066
231,Avondale,Cafe Con Leche,4b4bcb5df964a520efa726e3,41.930452098076884,-87.70963196033523
232,Avondale,Lula Café,42d84e00f964a52028261fe3,41.927746625918466,-87.70705775217938
233,Avondale,Cj's Cafe,4f32314719836c91c7bf3e36,41.938987731933594,-87.71277618408203
234,Avondale,Sipping Turtle Cafe,5e51827f1bc9680008fbab30,41.9352912902832,-87.71713256835938
235,Avondale,Café Tola,580feee638faa7849201e33e,41.94272204752738,-87.69804795234025
236,Avondale,Same Day Cafe,554a2be6498ea44cd0b2c9ca,41.92989890177015,-87.70735955143489
237,Avondale,Kerelys Pizzeria & Cafe,55c9b3a8498e27a2299e27a8,41.93461,-87.716927
238,Avondale,Marina's Cafe,60ef221e2281a81cf5986bc9,41.945941755580044,-87.70981192588806
239,Avondale,Loco Sandwich Cafe,4b17dcb8f964a52001c923e3,41.932159423828125,-87.70653533935547
240,Avondale,Curio Cafe,4aec7544f964a52057c721e3,41.946492398096034,-87.7148154773667
241,Avondale,Cafe Androgyne,4d879c8161676dcb5e6cb8e4,41.92939908614989,-87.70701673474132
242,Avondale,Continental Cafe,4f3296a019836c91c7e676cb,41.947975158691406,-87.71038818359375
243,Avondale,La Bombonera Cafe,4b9c55d9f964a520856036e3,41.932142999999996,-87.719475
244,Avondale,Parental Unit Cafe,4eac2e76e5fa45480e633f9b,41.948964666672836,-87.70642010706585
245,Avondale,Milano Cafe,4c3b901f4565e21ebfee566a,41.941016617528255,-87.72623003348247
246,Avondale,New Wave Coffee,4a9aec5df964a5209e3320e3,41.9279858735436,-87.70530767085546
247,Logan Square,Lula Café,42d84e00f964a52028261fe3,41.927746625918466,-87.70705775217938
248,Logan Square,Cafe Con Leche,4b4bcb5df964a520efa726e3,41.930452098076884,-87.70963196033523
249,Logan Square,Cafe Marcela,4cae4abcef1b37048e822900,41.924358000000005,-87.714011
250,Logan Square,Same Day Cafe,554a2be6498ea44cd0b2c9ca,41.92989890177015,-87.70735955143489
251,Logan Square,Cafe Androgyne,4d879c8161676dcb5e6cb8e4,41.92939908614989,-87.70701673474132
252,Logan Square,Cafe Mustache,4c43e1d78c1f20a1fabb3b99,41.92320171805185,-87.69778335405806
253,Logan Square,New Wave Coffee,4a9aec5df964a5209e3320e3,41.9279858735436,-87.70530767085546
254,Logan Square,Cafe Dardles,4c74466d1b30a093643dec09,41.922646,-87.710601
255,Logan Square,Loco Sandwich Cafe,4b17dcb8f964a52001c923e3,41.932159423828125,-87.70653533935547
256,Logan Square,Nora's Crystal Cafe,5681ce07498e1f4df1f3f85d,41.92478,-87.701883
257,Logan Square,Sipping Turtle Cafe,5e51827f1bc9680008fbab30,41.9352912902832,-87.71713256835938
258,Logan Square,cafe bella,5085d137e4b0fa60ac7501d0,41.91959762573242,-87.6988296508789
259,Logan Square,Café Pancho,56ed7f27498ef3bb0216f5a1,41.91758,-87.69976
260,Logan Square,Click On Cafe,4f32af5a19836c91c7efb476,41.924803000000004,-87.719277
261,Logan Square,Wrightwood Skewers and Cafe,4f32821119836c91c7de9f28,41.928412,-87.718823
262,Logan Square,Kerelys Pizzeria & Cafe,55c9b3a8498e27a2299e27a8,41.93461,-87.716927
263,Logan Square,Hotti Biscotti,40bbc700f964a520a6001fe3,41.924345,-87.715541
264,Humboldt Park,Andy's Cafe,4cde0d59f8a4a1436ba4d4bc,41.909696000000004,-87.716963
265,Humboldt Park,Cafeteria Payless,4e481418a809fb2fa4010866,41.905295,-87.70952
266,West Town,Café Colao,4b682634f964a52045692be3,41.903011429260886,-87.69358032696766
267,West Town,Milk & Honey Café,40b68100f964a5207b001fe3,41.90329078198325,-87.67575090331945
268,West Town,Janik's Cafe,4ae336b9f964a520c19121e3,41.90310351247025,-87.67774963243056
269,West Town,Yuca Cafe,4d44606fbbb1a14304d14572,41.9103474474452,-87.68478474392711
270,West Town,Cafe Istanbul,5c17dc26fd9d73002c4695eb,41.90348,-87.677889
271,West Town,Café Robey,5a03adb3b399f751314fa8c8,41.91056703001089,-87.67799172659353
272,West Town,Cafe Ballou,4ae35cdcf964a520039421e3,41.898764810342264,-87.6868540352223
273,West Town,Cafe Zori,4d967e1661a3a1cdc7ee9d42,41.897945404052734,-87.68714141845703
274,West Town,Cafe Umbria,4d39ee760333a09326a24f34,41.90596758239013,-87.68915300373837
275,West Town,Prequel Cafe,60bb77b13754517b26dbd680,41.895759,-87.676822
276,West Town,Cafe Teatro Batey Urbano,4b6e18fdf964a52050aa2ce3,41.90308380126953,-87.69265747070312
277,West Town,La Havana Cafe,56414956498e4889706664d7,41.9029589329083,-87.69042891849165
278,West Town,Café Romay,5d759f13b1e3630008138a5e,41.90635,-87.69432
279,West Town,Sunrise Cafe,4aedbf43f964a52087ce21e3,41.895837296651074,-87.67756934429501
280,West Town,Cat Girls Maid Cafe,5f875f405b8a8178a13bfa5d,41.90023276842022,-87.67701119184494
281,West Town,Village Cafe,4f43515919834bc91f55ed4f,41.896056,-87.68460300000001
282,West Town,Cafe Bustelo Pop-Up,59c69da286f4cc7a0ef9fdcd,41.91017150878906,-87.68767547607422
283,West Town,Shokolad Pastry & Cafe,4b6486eff964a520f3ba2ae3,41.89580228674964,-87.69049337847873
284,West Town,Francesca's Cafe,4b44df21f964a520d9fe25e3,41.897532671145306,-87.67708735702844
285,West Town,Pita Cafe,55395025498e9eecfd024e0b,41.903234720001976,-87.67763795876574
286,West Town,Piccolo Cafe,4f32135919833175d60e1591,41.89723205566406,-87.677001953125
287,West Town,Cold Comfort Cafe and Delicatessen,4f327c9b19836c91c7dc8a41,41.91029357910156,-87.68279266357422
288,West Town,Tommy's Guitars and Café,49f9f819f964a5209e6d1fe3,41.895889000000004,-87.691195
289,West Town,Northpoint Cafe and Grill,4f3272ef19836c91c7d8e271,41.910635,-87.683824
290,West Town,The Winston Inn Outdoor Cafe,4c09915b340720a1c80d8593,41.90275330330191,-87.69854292500838
291,West Town,The Robey,582cb04f51f5c15d8b178e4d,41.91056277240183,-87.67807436085234
292,West Town,Filichia's,4b4124cdf964a52000c225e3,41.899265,-87.686586
293,West Town,El Cafetin Taino,4fbcef02e4b0fb19b13802f9,41.903234999999995,-87.694829
294,West Town,Caffe Gelato,4b92e6bcf964a520952534e3,41.90345724776213,-87.67863661779097
295,West Town,Red Square Bathhouse,50f1e611e4b094237cc8e2e3,41.90330369079648,-87.67541247525944
296,West Town,Estelle's,40b28c80f964a520d3fe1ee3,41.91050484979757,-87.67802507790279
297,West Town,Greek Corner Restaurant,4c0061c5ad15a593f3d78d73,41.89952193459723,-87.6770202857892
298,West Garfield Park,Light Café,4ee0cf3c2c5bb0e03f0b68fa,41.873217,-87.726129
299,East Garfield Park,Cafe de Jules,4b7ebd43f964a52015fc2fe3,41.888362,-87.692958
300,East Garfield Park,The Bridge Cafe,57234ecd498eeab4c1d1beff,41.887383,-87.707245
301,East Garfield Park,Sugar Baby's Cafe,5d2d81f7447b6d0023730886,41.87316131591797,-87.69561767578125
302,North Lawndale,Green Tomato Cafe,50940dd7e4b0ad3a94ae4549,41.85314096012218,-87.71941370704961
303,South Lawndale,La Catedral Cafe & Restaurant,4f22f276e4b0717a66df87af,41.846218102048525,-87.70889447759849
304,South Lawndale,Cafe Auro's,4f32941119836c91c7e57dfa,41.844190000000005,-87.71638
305,South Lawndale,Alex Cafe,55da3334498e086479ff4029,41.844263,-87.703338
306,South Lawndale,Carmona Cafe,4cf45dde1c158cfa6a4ce3b5,41.838276,-87.7230602
307,South Lawndale,Macrochasa Cafe,4b297664f964a520439f24e3,41.844467,-87.72664499999999
308,Lower West Side,Cafe Jumping Bean,4af4398ff964a520b4f021e3,41.857846248228036,-87.66274738367372
309,Lower West Side,May Street Cafe,4b808586f964a520b07930e3,41.85267013225798,-87.65489486553129
310,Lower West Side,Cafe Monsivais,5516e901498eb6274ed6577f,41.857533000000004,-87.667652
311,Lower West Side,Bombon Cafe,4cb9f746a33bb1f7ea708bfd,41.858021,-87.665015
312,Lower West Side,A-Ness Cafe,52c9c34a498e42e89e2ea93a,41.85505676269531,-87.67259216308594
313,Lower West Side,Cafe Sol,4f32427219836c91c7c5f7fb,41.857999,-87.654747
314,Lower West Side,Los Artistas Cafe,4fa15b3ce4b026ec63bc4c94,41.85799,-87.67126999999999
315,Lower West Side,Soul Cafe Loft,4baea750f964a5204ccb3be3,41.849572,-87.65668
316,Lower West Side,Vio Cafe and Grill,510ed847e4b0be8b41b5215f,41.85779673142986,-87.67608309222754
317,Lower West Side,Living Room Cafe,4bf759544a67c928529c23cf,41.853118,-87.65355500000001
318,Lower West Side,Coyotes Restaurant,597037dc286fda37b99b2b52,41.85783537917233,-87.66347251859912
319,Lower West Side,'L' Cafecito Jumping Bean,5838a251d439073da7e8fa12,41.85472628907706,-87.67597945940587
320,Lower West Side,Cafeteria Emmanuel,5c604f1c35811b002c43b9ef,41.8556,-87.674203
321,Lower West Side,El Cafetal Del Tio,4c8d4e03f87e224b299c3c05,41.857601165771484,-87.66455841064453
322,Loop,Wildberry Pancakes & Cafe,4e879cdc93adfd051d6d609e,41.884412453490874,-87.62304697069013
323,Loop,Corner Bakery Cafe,4ac3492df964a5201f9b20e3,41.885883,-87.63291
324,Loop,O'Briens Riverwalk Cafe,4bf8755d4a67c928ba7c25cf,41.88822802610438,-87.62666493637745
325,Loop,Specialty’s Café & Bakery,4a799832f964a52031e71fe3,41.88548497986431,-87.63689322498504
326,Loop,Corner Bakery Cafe,4b721dfff964a520876f2de3,41.880086,-87.632471
327,Loop,Alonti Café & Catering,4b589a40f964a520ab6028e3,41.88321872249336,-87.63337037919507
328,Loop,Hanabusa Cafe,5d54c94335b9e6000829a2ce,41.881831370505594,-87.62654542922974
329,Loop,Corner Bakery Cafe,4a50c752f964a52023b01fe3,41.888143471561456,-87.62512251734734
330,Loop,Meli Cafe & Juice Bar,4d07b941e350b60c49f69342,41.89189744235048,-87.63410820121743
331,Loop,Jazzman's Café & Bakery,4b9e3467f964a520afd136e3,41.885042412841855,-87.63163089752197
332,Loop,Corner Bakery Cafe,4a896b33f964a520fd0720e3,41.880641,-87.626374
333,Loop,Chicago Riverwalk Cafe,4dee9588d164f9a5c6946532,41.88735278093114,-87.63177035474718
334,Loop,Hard Rock Cafe Chicago,4b66cfcbf964a520c22b2be3,41.89310284265355,-87.63040498586179
335,Loop,Venice Café,4a29427ef964a52076951fe3,41.880627287795285,-87.64059114731764
336,Loop,Madison Street Cafe,4bb4dc696444b71329c2f300,41.882013622521626,-87.63040734341537
337,Loop,Specialty’s Café & Bakery,4bd95fb25cf276b02fa69d00,41.8803274,-87.64037789
338,Loop,Cafe 300,4a4ced28f964a52057ad1fe3,41.888039676105286,-87.63263567819958
339,Loop,Market Creations Cafe,572b99ba498e801155acb3e3,41.878102323657984,-87.63162399947807
340,Loop,Specialty’s Café & Bakery,51559ef6e4b0b2770c120463,41.88094149886156,-87.62963373892613
341,Loop,Alonti Market Cafe,4e4c6980bd413c4cc6692d63,41.88132010386988,-87.63013171741865
342,Loop,Boo & Roo Cafe,50a2e107e4b0df68ff5090ea,41.886359266226094,-87.62856531798202
343,Loop,Alonti Cafe,4b59fdccf964a52062a628e3,41.87773605260522,-87.63795624777522
344,Loop,Cafe 353,4d94b72c74c8236a19f9c3fc,41.8884612103356,-87.63005095434305
345,Loop,Camille's Sidewalk Cafe,4a845088f964a5203ffc1fe3,41.88965433912529,-87.63259447072282
346,Loop,Tower House Cafe,58c1e0d6f229950961025845,41.87889441240464,-87.63573193589627
347,Loop,231 Cafe,4ba8f91ff964a52067ff39e3,41.878475189208984,-87.63175964355469
348,Loop,Hong Kong Cafe,4cd1b1c96200b1f7f659db28,41.88168595487407,-87.62624212826753
349,Loop,Tiny Cafe house,5d638a013b14a000077f7877,41.888225,-87.621238
350,Loop,The Plaza Cafe @ PepsiCo,4e52978118509acfb836713b,41.8808463361008,-87.64172622269683
351,Loop,Toni Patisserie & Café,4e56e50352b1d8d4e311da9e,41.88323731071309,-87.62536236548584
352,Loop,Haifa Cafe,4bd06a9ecaff9521bcbacef0,41.88005828425384,-87.64096498130517
353,Loop,Crepes Cafe,4b9fd55bf964a520e64237e3,41.876708984375,-87.63086700439453
354,Loop,Sandella's Flatbread Café,547614b2498eb08409f6a938,41.878337731686756,-87.63872908904648
355,Loop,Nutella Cafe,592f142acf72a063b395cb43,41.88559525878139,-87.62447569769371
356,Loop,The Garden Cafe,4ba50eccf964a520e6d638e3,41.87961767654017,-87.62191276943416
357,Loop,Alonti Cafe and Catering,4f32a31f19836c91c7eb2564,41.886434,-87.623774
358,Loop,Opus Restaurant & Café,5d8136d5adf8620008fd8200,41.879321000000004,-87.625508
359,Loop,Grand Lux Café,4a4fb34df964a52099af1fe3,41.89301240770666,-87.62439021696208
360,Loop,Corner Bakery Cafe,4b2aa287f964a520b5ac24e3,41.883416,-87.63362
361,Loop,Cryano's Cafe and Wine Bar,53911151498ef50eb3df2303,41.888490245162046,-87.62161358802618
362,Loop,Corner Bakery Cafe,4b575dabf964a520d83328e3,41.884625,-87.629993
363,Loop,Pittsfield Cafe,49fb4f6ff964a520336e1fe3,41.8829959217121,-87.62591858769127
364,Loop,Boar's Head Cafe,57e56178498e2033e701392a,41.88576261802537,-87.63455103868517
365,Loop,Bombon Cafe,4f322bf619836c91c7bd3942,41.88331985473633,-87.63320922851562
366,Loop,Capital One Café,5ce86dce3731ee002c172594,41.88054440000001,-87.62808319999999
367,Loop,Cafecito,4aba6980f964a520368120e3,41.87572380188488,-87.62638570202324
368,Loop,Revival Cafe-Bar RCB,57b485e1498e8f5a79049391,41.879534074819816,-87.63063625141754
369,Loop,Cafe 333,4bfab88e5317a5935e10037f,41.885774,-87.636416
370,Loop,Cafe 71,4b54b352f964a520cfc727e3,41.88059420200998,-87.63608289725524
371,Loop,Café Nordstrom,573b2c3238faeff59fd2cc36,41.8910346,-87.6255835
372,Armour Square,Oliver's Cafe,506633ffe4b02bd343734d66,41.837925,-87.638065
373,Armour Square,Gios Cafe & Deli,4b64d4e8f964a52078d32ae3,41.84359244542242,-87.64275499138172
374,Armour Square,Happy Cafe and Bakery,4bc4c54df8219c7465ddb710,41.84957499366751,-87.63199831338035
375,Armour Square,Boba Bar Cafe,4bfd82f98992a593573bacb0,41.85003764623767,-87.63236803846843
376,Armour Square,Red Line Cafe,59ed00458ad62e6909c5e817,41.83459258814514,-87.63238443445832
377,Armour Square,Joy Cafe,5919fea80e5da851e7dafc07,41.838443,-87.633942
378,Armour Square,Golden Horse Carriage Bakery & Cafe,4b882554f964a520eae231e3,41.84123820880079,-87.63208361695706
379,Armour Square,Bridgeport Yogurt & Café,572e5f18498ef0f741869417,41.837878,-87.641591
380,Armour Square,John + Pat Anderson’s Cafe,5dc58f4f7c86b40007bca8ef,41.83682,-87.628496
381,Armour Square,Parkside Cafe,4c084e79009a0f47bdf6e5bf,41.83469009399414,-87.63429260253906
382,Armour Square,Plum Cafe,4e70e2617d8b21fe9d777fad,41.83254623413086,-87.62715148925781
383,Armour Square,Golden Apple Cafe & Bakery,4ba156c1f964a52023ae37e3,41.848757,-87.631626
384,Armour Square,South Loop Cafe,55f83c41498eccacda0065c5,41.849917,-87.625828
385,Armour Square,Ico Cafeteria,4fd240ace4b0813a301b60f8,41.835145,-87.622761
386,Oakland,The White House Cafe,4d44547514aa8cfaf054653d,39.655142,-88.028501
387,Fuller Park,Cafe @ Atrium Lofts,4f4e40ade4b0f920258bb910,41.81982893228493,-87.62261251049672
388,Fuller Park,West Egg Cafe,4bc5d49bccbcef3bdf02e7d2,41.82888016,-87.63715883
389,Fuller Park,priveledge cafe,5168bcbbe4b089990cf19fc0,41.83061218261719,-87.63394927978516
390,Fuller Park,Pearl's Place,4bc4d8964cdfc9b6cc3f9921,41.823703588274924,-87.62286838851045
391,Grand Boulevard,Spoken Word Cafe,4ce5d2aeb997548184cbec44,41.809730529785156,-87.61611938476562
392,Grand Boulevard,Cafe @ Atrium Lofts,4f4e40ade4b0f920258bb910,41.81982893228493,-87.62261251049672
393,Grand Boulevard,Ain't She Sweet Cafe,4a109e41f964a520e9761fe3,41.81681675268035,-87.61300407564259
394,Grand Boulevard,Café on the Grove,565a07f4498eb5055bb914e9,41.816292833754474,-87.60647578271298
395,Grand Boulevard,Tastee Cafe,593ac9f37dc9e17c5f04e6b0,41.809227,-87.61364300000001
396,Grand Boulevard,Sip & Savor,500efa59e4b02b08aa535a37,41.81681724591577,-87.61287605920819
397,Grand Boulevard,Pearl's Place,4bc4d8964cdfc9b6cc3f9921,41.823703588274924,-87.62286838851045
398,Hyde Park,Plein Air Cafe & Eatery,5329cad8498e42386162a7fb,41.789898247412786,-87.5961439110726
399,Hyde Park,Bonjour Cafe,4a50cc8ff964a52025b01fe3,41.79543498316739,-87.58843880015448
400,Hyde Park,The Sitdown Cafe & Sushi Bar,4a7f7916f964a52028f41fe3,41.799555812211295,-87.59442161270165
401,Hyde Park,Istria Cafe,4a4f593ef964a52042af1fe3,41.792238591708774,-87.58857264357896
402,Hyde Park,Everett Kovler Café (Booth School of Business),4b7ae54af964a52076442fe3,41.78910959299703,-87.59579365989595
403,Hyde Park,Kovler Cafe,4bdf21cae75c0f4779fdc903,41.78913116455078,-87.59555053710938
404,Hyde Park,Tiffin Cafe,4e5d4dec31519cd0f266871a,41.7882194519043,-87.5909652709961
405,Hyde Park,Biological Sciences Cafe,4e5d4b2431519cd0f2668646,41.79151916503906,-87.6029281616211
406,Hyde Park,Jazzman's Café & Bakery,4c447c88dcd61b8d34617b56,41.788008917226314,-87.60297669772565
407,Hyde Park,Jazzman's Café & Bakery,4e2c7522c65bcaf400397c49,41.790745346320385,-87.58311639038898
408,Hyde Park,Press Building Cafe,4e5d4d5631519cd0f26686fe,41.785742,-87.59030200000001
409,Hyde Park,Harris School Cafe,4e5d4cf831519cd0f26686d6,41.78547668457031,-87.5970687866211
410,Hyde Park,Café Logan,50a14d20e4b04eb23eb8f7f1,41.78574921000546,-87.60350708949008
411,Hyde Park,Cafe 53,4d94d5971231b60ca31283a1,41.79946944045004,-87.59242725452138
412,Hyde Park,Capital One Café,5d9df16482baed00086dcab0,41.7994057,-87.5892372
413,Hyde Park,Ex Libris Café,4ca0eeef2fb1a1433dc70041,41.792435564532866,-87.59939007861117
414,Hyde Park,Cafe 4B,4f823ff3e4b02b956a9d3332,41.797584533691406,-87.5980224609375
415,Hyde Park,Cafe Lab(Blaine Hall),4eaec175f7906795c43e41a3,41.78977353942177,-87.59705725009663
416,Hyde Park,Sanctuary Cafe,58e96d31876ade7841cd0fef,41.791709999999995,-87.59763199999999
417,Hyde Park,Brain Food Café - MSI,4e285943d22d848a146224bc,41.79059763634537,-87.5831705637742
418,Hyde Park,Social Justice Cafe,58e7b5b0d702825eff118f77,41.791717529296875,-87.5977554321289
419,Hyde Park,The Rock Bottom Cafe,4f209450e4b01040d3dae915,41.79758395852562,-87.59634342673455
420,Hyde Park,Café Corea,4bc35f0dabf49521dfa8c393,41.79521812088634,-87.58641050770093
421,Hyde Park,Backstory Cafe,4b26a32ff964a520c37e24e3,41.79449,-87.586577
422,Hyde Park,Jazzman's Cafe and Bakery,516f08ace4b0e48a05a1d96f,41.796555,-87.600774
423,Hyde Park,Quantum Café,5637af1f498ef882f8c8f534,41.792271,-87.601506
424,Hyde Park,The Cafe' @ Montgomery Place 1st fl,50229759e4b02e5c64fe37df,41.79363678274493,-87.58108520547447
425,Hyde Park,Green Line Cafe,566aedcb38fa094e8d0ed0f0,41.79969787597656,-87.58963012695312
426,Hyde Park,Harper Cafe,52a24cb1498eacc0f2136ce4,41.78785721997226,-87.59938674490397
427,Hyde Park,Classics Cafe,4cf7cf9cc28df04dda4bd215,41.787769965561274,-87.60108957102533
428,Hyde Park,Sam And Elaine's Cafe,4e70de677d8b21fe9d758aaf,41.79067277986601,-87.60203923448198
429,Hyde Park,Sandella's Flatbread Cafe,52fa82f211d2bda2d7c35c59,41.79206466674805,-87.6033706665039
430,Hyde Park,Christian's Cafe,4dcd71708877851243de9cfa,41.78721116438244,-87.59959894972349
431,Hyde Park,Plum Cafe at the GCIS,4b55c871f964a520c8ef27e3,41.791006,-87.60284
432,Hyde Park,Common Knowledge Café,4edd0bc10cd6fe9493b98f88,41.787993,-87.599637
433,Hyde Park,Stuart Cafe,4e5d4e6831519cd0f2668744,41.788440564033,-87.59947404438172
434,Hyde Park,Gordon Cafe,5140ce6fe4b0359cc5c8e3e3,41.791785084630526,-87.60332151417417
435,Hyde Park,Jazzman cafe,51e974bb498e2add1ad69f3c,41.7934455871582,-87.58172607421875
436,Hyde Park,Museum Cafe,5ba128152be425002caf971f,41.790835,-87.582853
437,Hyde Park,SSA Cafe,4e5d4c4931519cd0f26686a0,41.785521070425666,-87.60165452957153
438,Hyde Park,University of Chicago Bookstore,4a52936ff964a520bfb11fe3,41.789504217795916,-87.60147231113385
439,Hyde Park,Starbucks,4bbb5a2f7421a593bbb4c440,41.78952639912105,-87.60155294621504
440,Hyde Park,Harper Memorial Library,4ba37da4f964a520a04138e3,41.78800817284803,-87.59959169310078
441,Hyde Park,Ancien Cycles,5676fbea498e97455c728b56,41.79964710604801,-87.5873313882204
442,Hyde Park,UC Medical Center Cafeteria,4e2d9d7818a80bb0587073a5,41.78973149469618,-87.60525577480458
443,Hyde Park,Native Foods,53160d72498ee62081f063d8,41.80025702369496,-87.58823094314612
444,Woodlawn,new day cafe,52e80312498e4eac8427c29a,38.330467224121094,-89.03221893310547
445,South Shore,My Soul Cafe,4c7051f534443704a1d7235f,41.76472854614258,-87.56465148925781
446,South Shore,Chef Sara's Cafe,4ed5076d02d5ef93a2adeba9,41.76439140366172,-87.56489499485207
447,South Shore,Eat Better Cafe',4dcfffc545ddbe15f8af489b,41.755206,-87.572241
448,South Shore,Mary Jane Cafe,60e9f9c7b19dda70d8ce356f,41.765694,-87.56666
449,South Shore,Mother Inlaw's Cafe,4dd46b6822716ea3ce5e287f,41.763288,-87.56482700000001
450,South Shore,Heritage Cafe,5ba15b1ad41bb7002c4835e5,41.751304626464844,-87.5789566040039
451,Chatham,Chatham Cafe,55a28d6b498e0dc85761d3e2,39.677312026576715,-89.70383268461835
452,Avalon Park,Cafe Say,51a100e0498e11239470f37a,41.746395,-87.585018
453,Avalon Park,Sizzlin' Grille Café,537d4964498e6816a1ee5bfc,41.73689270019531,-87.58209991455078
454,Avalon Park,STONY EXPRESS,4cfbcb23ee9cb60c100792ad,41.74735470201171,-87.5860631371335
455,South Chicago,Sol Y Luna Cafe,4f32557b19836c91c7cd7df9,41.728491,-87.547055
456,Calumet Heights,Sizzlin' Grille Café,537d4964498e6816a1ee5bfc,41.73689270019531,-87.58209991455078
457,Pullman,Pullman Café,55f50288498e7d5bac664525,41.690565821234514,-87.60841422642913
458,Garfield Ridge,Cafe Two07,4c9ca0aa9975a143c2a633cf,41.7961802791272,-87.7602832583489
459,Garfield Ridge,Cafe Rosa- American & Puerto Rican Food,563a985ccd10166ccc03a92d,41.796212,-87.76046600000001
460,Garfield Ridge,European Cafe,4f32229219836c91c7b98ce3,41.796234130859375,-87.76034545898438
461,Garfield Ridge,Flamingo Cafe,4cc35600d43ba143c0695ff8,41.794413,-87.769228
462,McKinley Park,Cafe Enojado,516b9c55e4b01aa211a837d6,41.82681466733337,-87.67855272186257
463,McKinley Park,Sams Club Cafe,4f341841e4b08ff3ca69c8a0,41.82590178121349,-87.68888345405358
464,Bridgeport,Dawgs Delight Cafe,556dde66498e8f80c39cf64f,38.713001,-87.759484
465,New City,cafeteria yesenia,50785d1ce4b04c2b968992c2,41.816406,-87.665472
466,West Elsdon,Bombon Cafe,582f5d31dc33297bf020d590,41.79070281982422,-87.72335052490234
467,West Elsdon,Jxj Cyber Cafe,4f32751219836c91c7d9b170,41.797950744628906,-87.72433471679688
468,West Elsdon,Nikki's cafe,4d2a1bf6b818a35d2fa1a48a,41.79601471,-87.73582286
469,Gage Park,Dulce Mami Café,6085d13791710d12f75cad3f,41.800816,-87.68897
470,Clearing,Café 63,56a3b232498edb9d2ff79334,41.777477000000005,-87.781801
471,Clearing,Cafe Renee,4d333a8b2c76a143770579c7,41.7776538038514,-87.78165833433279
472,Clearing,Pupuseria Restaurant Café,58de90220e0a1e6dd88c8e30,41.777442,-87.785014
473,West Lawn,Nuevo Mundo Cafe,4f2c789fe4b0fed2ad785eac,41.778961181640625,-87.72235107421875
474,Chicago Lawn,Holy Cross Hospital Cafeteria Ll,5730f07f498ef03c9be30ec3,41.769314,-87.691087
475,Englewood,Dream Cafe Grille,54bea0b1498e7bffee02ac8e,41.78361747022648,-87.64451116410756
476,Greater Grand Crossing,Quench,4bc4dba9f8219c740bffb710,41.751387,-87.609364
477,Auburn Gresham,Perfect Peace Café & Bakery,4c8fd873898cef3beba44a7e,41.75001472699713,-87.65579373777436
478,Auburn Gresham,Corner Cafe,4bb414990cbcef3bb3b7582a,41.73940271499594,-87.64516160172633
479,Beverly,Hearty Cafe Pancake House,4c4c6f1d5609c9b628538792,41.71828383517451,-87.68170062728929
480,Beverly,Ain't She Sweet Cafe,58bdeb995cab2f2d2c2ceb2b,41.713295453128154,-87.68193133816253
481,Beverly,Iona's Beverly Hills Cafe,4e1a07f9b61c8f9ada5b9738,41.720896,-87.667328
482,Beverly,Blue Moon Cafe,4cf6da1f64e3721ec78123c8,41.71402,-87.66698
483,Beverly,Oasis of Peace Cafe,4f329d2619836c91c7e8e765,41.720901,-87.681999
484,Beverly,AndySunflower Cafe,5ef623beec51c4000987b7eb,41.713193,-87.681767
485,Washington Heights,Cafe 103,4b58b32bf964a520566628e3,41.70298051770328,-87.65766265647942
486,Washington Heights,Cafe Luna,4f32aa6b19836c91c7ede044,41.70689392089844,-87.66950225830078
487,Morgan Park,Ellies Cafe,4c6a8808c946e21eaae0ec8e,41.69917371689465,-87.66892597987966
488,Morgan Park,French Market Cafe,4f323a1219836c91c7c2ab4a,41.691715,-87.67121999999999
489,Morgan Park,Jeans Cafe And Restaurant,51b20be1498e05d5a6db515a,41.694976000000004,-87.661641
490,O'Hare,Cafe Pronto,4e6b80f352b1c12060464ff6,41.96222485133259,-87.83639232503911
491,O'Hare,Cafe Cortile,4bcbb7a168f976b0dab36183,41.966487676581075,-87.83835854320576
492,O'Hare,The Blossom Cafe,531ddd74498ef3f626cc5f90,41.96583869895242,-87.8362829141574
493,O'Hare,Cafe Chester,4c4baea146240f471d46a6f3,41.971257,-87.838143
494,O'Hare,Convention Center Cafe,4ec7f27730f8b09c0c8840a2,41.96963214094308,-87.83683190127392
495,O'Hare,Ciao Cafe,4f3219b019836c91c7b5dd0b,41.96260070800781,-87.83631134033203
496,Edgewater,Kopi Café,43655e80f964a5206d291fe3,41.97861200149812,-87.66829842785883
497,Edgewater,Indie Café,45bba5e7f964a520f6411fe3,41.99052209505274,-87.66020826715666
498,Edgewater,Phlour Bakery & Cafe,58f94052d7627e28e6e92073,41.983699907992715,-87.65956847389438
499,Edgewater,Mama K’s Cafe,600dcb79c340a8785a5f5305,41.983803,-87.656802
500,Edgewater,Middle East Bakery & Grocery & Café,4a96fa5ff964a520cd2720e3,41.97621254072566,-87.66861012856421
501,Edgewater,Rewired Pizza Cafe and Bar,5fa4b84326ae7122e999a0d0,41.990138,-87.658387
502,Edgewater,Edgewater Mexican Cafe,5bad82831de765002c63f15e,41.98349470183276,-87.65780903191182
503,Edgewater,Soul Cafe,4f323fdf19836c91c7c4f456,41.98543930053711,-87.66327667236328
504,Edgewater,Heart O' Chicago Cafe,4f94028de4b0532d5e26ce16,41.98284172895959,-87.66098605979805
505,Edgewater,Cafe Chino,4f7afd11e4b0f9b696f065fc,41.982128,-87.658281
506,Edgewater,First Slice Pie Café,4e92128102d5dcbe60036479,41.979818979478985,-87.66949996784444
507,Edgewater,Cafe Boost,4f32170b19836c91c7b4c5d0,41.979979,-87.66855
508,Edgewater,Edgewater Beach Cafe,4b358bd1f964a520d82d25e3,41.98331764739262,-87.65514355637812
509,Edgewater,Cheyenne's Cafe,4ff3a605e4b09751a60a0c5c,41.986136,-87.66103000000001
510,Edgewater,Zanzibar Cafe,5aa2b12d5c68386166696a25,41.983878999999995,-87.656994
511,Edgewater,long grove cafe,4b4a5ac2f964a520fd8426e3,41.97991980451711,-87.66549875730936
512,Edgewater,Flourish Bakery Cafe,4a6b96cbf964a52041cf1fe3,41.98375595664209,-87.65957484711191
513,Edgewater,Marko's Tacos & Cafe,4b5505f7f964a5203dd827e3,41.985172271728516,-87.6689453125
514,Edgewater,Angus Cafe,4c6217a369a1c9b6581138a4,41.986565,-87.668796
515,Edgewater,Cafe Royal,4f32b2be19836c91c7f0f4fd,41.976107,-87.668973
516,Edgewater,Pick Me Up Cafe,5f1f97bb87383463989619de,41.971524,-87.667825
517,Edgewater,Cafe Take #5,4f6492d7e4b098610aedf4af,41.99213132468102,-87.65660961557418
518,Edgewater,Anna Held Florist & Fountain Cafe,4bf58ddf493c2d7f57da4785,41.98370006486771,-87.65509528200072
519,Edgewater,Internet Cafe,4b96ab53f964a520cfdc34e3,41.990066034573196,-87.65905947868937
520,Edgewater,Thorndale West Cafe #1,5b7056a2270ee7002cdfcdfc,41.990378,-87.659328
521,Edgewater,Olive Tree Cafe,4f3260ca19836c91c7d1e679,41.976188,-87.668525
522,Edgewater,Peacock Cafe & Restaurant,4c1d805d63750f47ba72b867,41.991424,-87.660712
523,Edgewater,Lucks Food Cafe & Bakery,4bddb66a587b2d7f55c45409,41.97321082668978,-87.6583459180545
524,Edgewater,Polygon Cafe,509c01ece4b09cc7b56dbc5b,41.97637528022474,-87.66855122360342
525,Edgewater,Gamestop Internet Cafe,4fecaad6e4b059c747dda9de,41.9740104675293,-87.66294860839844
526,Edgewater,Honeymoon Cafe,4bdb56063904a59395e1499e,41.973296121789126,-87.65940652082205
527,Edgewater,Ba Le,4aa3fa44f964a520a84420e3,41.97324299279736,-87.65975168952126
528,Edgewater,St. Augustine College Cafeteria,50cf793be4b0bd90aeb893a9,41.97191734528316,-87.66353383828204
